 ;RUNS
GENERATION;1;2;3;4;5;6;7;8;9;10;11;12
1;-3.34;7.3;16.53;53.12;-0.14;-1.39;0.35;28.9;-2.42;18.21;18.21;18.21
2;-6.22;-5.1;-3.74;25.14;-1.49;-2.59;-2.07;2.27;-3.33;0.44;0.44;0.44
3;-6.94;-5.23;-4.63;-5.17;-2.94;-7.65;-4.01;-3.03;-3.42;-0.56;-0.56;-0.56
4;-7.46;-5.73;-6.7;-5.22;-4.83;-8.04;-5.62;-4.57;-5.19;-3.51;-3.51;-3.51
5;-7.81;-7.66;-7.18;-5.76;-5.72;-8.18;-7.19;-7.33;-5.27;-5.34;-5.34;-5.34
6;-7.81;-7.69;-7.96;-5.76;-5.72;-8.18;-7.99;-7.71;-9.05;-6.04;-6.04;-6.04
7;-7.81;-7.98;-8.06;-5.76;-5.72;-8.18;-7.99;-8.74;-9.05;-6.45;-6.45;-6.45
8;-7.81;-7.98;-8.77;-5.76;-6.2;-8.18;-8.16;-8.74;-9.05;-6.79;-6.79;-6.79
9;-7.81;-7.98;-8.77;-5.76;-6.78;-8.18;-8.16;-8.74;-9.05;-7.23;-7.23;-7.23
10;-7.81;-7.98;-8.77;-5.76;-6.85;-8.18;-9.8;-9.13;-9.05;-7.23;-7.23;-7.23
11;-7.81;-7.98;-8.77;-5.76;-6.96;-9.22;-10.55;-9.24;-9.05;-8.25;-8.25;-8.25
12;-7.81;-7.98;-9.52;-5.76;-7.14;-9.57;-10.6;-9.83;-9.05;-8.87;-8.87;-8.87
13;-7.81;-9.39;-9.58;-5.76;-7.55;-9.74;-10.6;-9.83;-9.05;-9.4;-9.4;-9.4
14;-7.88;-9.39;-9.58;-5.76;-7.55;-9.74;-10.99;-9.83;-9.05;-9.49;-9.49;-9.49
15;-7.88;-9.39;-9.58;-5.76;-7.55;-9.74;-11.07;-9.83;-9.05;-9.5;-9.5;-9.5
16;-7.88;-9.39;-9.58;-5.76;-7.55;-9.74;-11.07;-9.83;-9.17;-9.5;-9.5;-9.5
17;-7.88;-9.39;-9.58;-6.74;-7.55;-9.74;-11.07;-10.18;-9.17;-9.5;-9.5;-9.5
18;-7.88;-9.39;-9.59;-6.74;-7.55;-9.74;-11.07;-11.73;-9.17;-10.89;-10.89;-10.89
19;-7.88;-9.39;-9.59;-6.85;-7.66;-9.74;-11.07;-11.92;-9.17;-10.9;-10.9;-10.9
20;-7.88;-9.39;-9.59;-6.87;-7.66;-9.74;-11.07;-11.92;-9.17;-10.9;-10.9;-10.9
21;-7.88;-9.39;-9.59;-6.87;-7.66;-9.74;-11.07;-11.92;-9.17;-10.9;-10.9;-10.9
22;-7.88;-9.39;-9.59;-6.87;-7.66;-9.74;-11.07;-11.92;-9.17;-10.9;-10.9;-10.9
23;-7.88;-9.39;-9.59;-6.87;-7.66;-9.74;-11.07;-11.92;-9.17;-10.9;-10.9;-10.9
24;-7.88;-9.39;-9.59;-6.87;-7.97;-9.74;-11.07;-11.92;-9.17;-10.9;-10.9;-10.9
25;-7.88;-9.39;-9.59;-6.87;-8.83;-9.74;-11.07;-11.92;-9.17;-10.9;-10.9;-10.9
26;-7.88;-9.39;-9.59;-6.87;-10.95;-9.74;-11.07;-11.92;-9.17;-10.9;-10.9;-10.9
27;-7.88;-9.39;-9.59;-6.87;-10.95;-9.74;-11.07;-11.92;-9.17;-10.9;-10.9;-10.9
28;-7.88;-9.39;-9.59;-6.87;-11.53;-9.74;-11.07;-11.92;-9.17;-10.9;-10.9;-10.9
29;-7.88;-9.39;-9.59;-6.87;-11.86;-9.74;-11.07;-11.92;-9.35;-10.9;-10.9;-10.9
30;-7.88;-9.39;-9.59;-6.87;-12.3;-9.74;-11.07;-11.92;-9.41;-10.9;-10.9;-10.9
31;-7.88;-9.39;-9.59;-6.87;-12.3;-9.74;-11.07;-11.92;-9.41;-10.9;-10.9;-10.9
32;-7.88;-9.39;-9.59;-7.43;-12.3;-9.74;-11.07;-11.92;-9.41;-10.9;-10.9;-10.9
33;-7.88;-9.39;-9.59;-7.67;-12.3;-9.74;-11.07;-11.92;-9.76;-10.9;-10.9;-10.9
34;-7.88;-9.39;-9.59;-7.84;-12.3;-9.74;-11.07;-11.92;-9.87;-10.9;-10.9;-10.9
35;-7.88;-9.39;-9.59;-8.04;-12.3;-9.74;-11.07;-11.92;-9.87;-10.9;-10.9;-10.9
36;-8.08;-9.39;-9.59;-8.04;-12.3;-9.74;-11.07;-11.92;-9.87;-10.9;-10.9;-10.9
37;-8.26;-9.39;-9.59;-8.04;-12.3;-9.74;-11.07;-11.92;-9.87;-10.9;-10.9;-10.9
38;-8.26;-9.39;-9.59;-8.04;-12.3;-9.74;-11.07;-11.92;-9.87;-10.9;-10.9;-10.9
39;-8.26;-9.39;-9.59;-8.04;-12.3;-9.74;-11.07;-11.92;-9.87;-10.9;-10.9;-10.9
40;-8.26;-9.39;-9.59;-8.04;-12.3;-9.74;-11.07;-11.92;-9.87;-10.9;-10.9;-10.9
41;-8.26;-9.39;-9.59;-8.42;-12.3;-9.74;-11.07;-11.92;-9.87;-10.9;-10.9;-10.9
42;-8.26;-9.39;-9.59;-8.55;-12.3;-9.74;-11.07;-11.92;-9.87;-10.9;-10.9;-10.9
43;-8.26;-9.39;-9.59;-8.55;-12.3;-9.74;-11.07;-11.92;-9.87;-10.9;-10.9;-10.9
44;-8.26;-9.39;-9.59;-8.55;-12.3;-9.74;-11.07;-11.92;-9.87;-10.9;-10.9;-10.9
45;-8.26;-9.39;-9.59;-8.55;-12.3;-9.74;-11.07;-11.92;-10.94;-10.9;-10.9;-10.9
46;-8.26;-9.39;-9.59;-8.55;-12.3;-9.74;-11.07;-11.92;-10.94;-10.9;-10.9;-10.9
47;-8.26;-9.39;-9.59;-8.55;-12.3;-9.74;-11.07;-11.92;-11.88;-10.9;-10.9;-10.9
48;-8.26;-9.39;-9.59;-8.55;-12.3;-9.74;-11.07;-11.92;-11.88;-10.9;-10.9;-10.9
49;-8.26;-9.39;-9.59;-8.55;-12.3;-9.74;-11.07;-11.92;-11.88;-10.9;-10.9;-10.9
50;-8.26;-9.39;-9.59;-8.55;-12.3;-9.74;-11.07;-11.92;-11.88;-10.9;-10.9;-10.9
51;-8.26;-9.39;-9.59;-8.55;-12.3;-9.74;-11.07;-11.92;-11.88;-10.9;-10.9;-10.9
52;-9.21;-9.39;-9.59;-8.55;-12.3;-9.74;-11.07;-11.92;-11.88;-10.9;-10.9;-10.9
53;-9.88;-9.39;-9.59;-8.55;-12.3;-9.74;-11.07;-11.92;-11.88;-10.9;-10.9;-10.9
54;-9.88;-9.39;-9.59;-8.55;-12.3;-9.74;-11.07;-11.92;-11.88;-10.9;-10.9;-10.9
55;-9.88;-9.39;-9.61;-8.89;-12.3;-9.74;-11.07;-11.92;-11.88;-10.9;-10.9;-10.9
56;-9.88;-9.39;-9.61;-9.28;-12.3;-9.74;-11.07;-11.92;-11.88;-10.9;-10.9;-10.9
57;-10.53;-9.39;-9.61;-9.28;-12.3;-9.74;-11.07;-11.92;-11.88;-10.9;-10.9;-10.9
58;-10.75;-9.39;-9.61;-9.28;-12.3;-9.74;-11.07;-11.92;-12.98;-10.9;-10.9;-10.9
59;-10.75;-9.39;-9.61;-9.28;-12.3;-9.74;-11.07;-11.92;-14.3;-10.9;-10.9;-10.9
60;-10.75;-9.39;-9.61;-9.28;-12.3;-9.74;-11.07;-11.92;-14.3;-11.05;-11.05;-11.05
61;-10.75;-9.39;-9.61;-9.28;-12.3;-9.74;-11.07;-11.92;-14.3;-11.1;-11.1;-11.1
62;-10.75;-9.39;-9.61;-9.28;-12.3;-9.74;-11.07;-11.92;-14.3;-11.26;-11.26;-11.26
63;-10.75;-9.39;-9.61;-9.28;-12.3;-9.74;-11.07;-11.92;-14.3;-11.26;-11.26;-11.26
64;-10.75;-9.39;-9.61;-9.28;-12.3;-9.74;-11.07;-11.92;-14.3;-11.26;-11.26;-11.26
65;-10.75;-9.39;-9.61;-9.28;-12.3;-9.74;-11.07;-11.92;-14.3;-11.26;-11.26;-11.26
66;-10.75;-9.39;-9.61;-9.28;-12.3;-9.74;-11.07;-11.92;-14.3;-11.26;-11.26;-11.26
67;-10.75;-9.39;-9.61;-9.28;-12.3;-9.74;-11.07;-11.92;-14.3;-11.26;-11.26;-11.26
68;-10.75;-9.39;-9.61;-9.28;-12.3;-9.74;-11.07;-11.92;-14.3;-11.26;-11.26;-11.26
69;-10.75;-9.39;-9.61;-9.28;-12.3;-9.74;-11.07;-11.92;-14.3;-11.26;-11.26;-11.26
70;-10.75;-9.39;-9.61;-9.28;-12.3;-9.74;-11.07;-11.92;-14.3;-11.26;-11.26;-11.26
71;-10.75;-9.39;-9.61;-9.28;-12.3;-9.74;-11.07;-11.92;-14.3;-11.26;-11.26;-11.26
72;-10.75;-9.39;-9.61;-9.28;-12.3;-9.74;-11.07;-11.92;-14.3;-11.26;-11.26;-11.26
73;-10.75;-9.39;-9.61;-9.28;-12.3;-9.74;-11.07;-11.92;-14.3;-11.26;-11.26;-11.26
74;-10.75;-9.39;-9.61;-9.28;-12.3;-10.73;-11.07;-11.92;-14.3;-11.26;-11.26;-11.26
75;-10.75;-9.39;-9.61;-9.28;-12.3;-10.84;-11.07;-11.92;-14.3;-11.26;-11.26;-11.26
76;-10.75;-9.39;-9.61;-9.28;-12.3;-10.84;-11.07;-11.92;-14.3;-11.26;-11.26;-11.26
77;-10.75;-9.39;-9.61;-9.28;-12.3;-10.84;-11.07;-11.92;-14.3;-11.26;-11.26;-11.26
78;-10.75;-9.39;-9.61;-9.28;-12.3;-10.84;-11.07;-11.92;-14.3;-11.26;-11.26;-11.26
79;-10.75;-9.39;-9.61;-9.28;-12.3;-10.84;-11.07;-11.92;-14.3;-11.26;-11.26;-11.26
80;-10.75;-9.39;-9.61;-9.28;-12.3;-10.84;-11.07;-11.92;-14.3;-11.26;-11.26;-11.26
81;-10.75;-9.39;-9.61;-9.28;-12.3;-10.84;-11.07;-11.92;-14.3;-11.26;-11.26;-11.26
82;-10.75;-9.39;-9.61;-9.28;-12.3;-10.84;-11.07;-11.92;-14.3;-11.26;-11.26;-11.26
83;-10.75;-9.39;-9.61;-9.28;-12.3;-10.84;-11.07;-11.92;-14.3;-11.26;-11.26;-11.26
84;-10.75;-9.39;-9.61;-9.28;-12.3;-10.84;-11.07;-11.92;-14.3;-11.26;-11.26;-11.26
85;-10.75;-9.39;-9.61;-9.28;-12.3;-10.84;-11.07;-11.92;-14.3;-11.26;-11.26;-11.26
86;-10.75;-9.39;-9.61;-9.28;-12.3;-10.84;-11.07;-11.92;-14.3;-11.26;-11.26;-11.26
87;-10.75;-9.39;-9.61;-9.28;-12.3;-10.84;-11.07;-11.92;-14.3;-11.26;-11.26;-11.26
88;-10.75;-9.39;-9.61;-9.28;-12.3;-10.84;-11.07;-11.92;-14.3;-11.26;-11.26;-11.26
89;-10.75;-9.39;-9.61;-9.28;-12.3;-10.84;-11.07;-11.92;-14.3;-11.26;-11.26;-11.26
90;-10.75;-9.39;-9.61;-9.28;-12.3;-10.84;-11.07;-11.92;-14.3;-11.26;-11.26;-11.26
91;-10.75;-9.39;-9.61;-9.63;-12.3;-10.84;-11.07;-11.92;-14.3;-11.26;-11.26;-11.26
92;-10.75;-9.39;-9.61;-9.98;-12.3;-10.84;-11.07;-11.92;-14.3;-11.26;-11.26;-11.26
93;-10.89;-9.39;-9.61;-9.98;-12.3;-10.84;-11.07;-11.92;-14.3;-11.26;-11.26;-11.26
94;-11.1;-9.39;-9.61;-9.98;-12.3;-10.84;-11.07;-11.92;-14.3;-11.26;-11.26;-11.26
95;-11.1;-9.39;-9.61;-9.98;-12.3;-10.84;-11.07;-11.92;-14.3;-11.26;-11.26;-11.26
96;-11.1;-9.39;-9.61;-9.98;-12.3;-10.84;-11.07;-11.92;-14.3;-11.26;-11.26;-11.26
97;-11.1;-9.39;-9.61;-9.98;-12.3;-10.84;-11.07;-11.92;-14.3;-11.26;-11.26;-11.26
98;-11.1;-9.39;-9.61;-9.98;-12.3;-10.84;-11.07;-11.92;-14.3;-11.26;-11.26;-11.26
99;-11.1;-9.39;-9.61;-10.81;-12.3;-10.84;-11.07;-11.92;-14.3;-11.26;-11.26;-11.26
100;-11.1;-9.39;-9.61;-11.78;-12.3;-10.85;-11.07;-11.92;-14.3;-11.26;-11.26;-11.26
101;-11.1;-9.39;-9.61;-12.13;-12.3;-11.52;-11.07;-11.92;-14.3;-11.26;-11.26;-11.26
102;-11.1;-9.39;-9.61;-12.13;-12.3;-11.52;-11.07;-11.92;-14.3;-11.26;-11.26;-11.26
103;-11.1;-9.39;-9.61;-12.13;-12.3;-11.78;-11.07;-11.92;-14.3;-11.26;-11.26;-11.26
104;-11.1;-9.39;-9.61;-12.13;-12.3;-11.78;-11.07;-11.92;-14.3;-11.26;-11.26;-11.26
105;-11.1;-10.12;-9.61;-12.13;-12.3;-11.78;-11.07;-11.92;-14.3;-11.26;-11.26;-11.26
106;-11.1;-10.12;-9.61;-12.13;-12.3;-11.78;-11.07;-11.92;-14.3;-11.26;-11.26;-11.26
107;-11.1;-10.12;-9.61;-12.13;-12.3;-11.78;-11.07;-11.92;-14.3;-11.26;-11.26;-11.26
108;-11.1;-10.12;-9.61;-12.13;-12.3;-11.78;-11.07;-11.92;-14.3;-11.26;-11.26;-11.26
109;-11.1;-10.12;-9.61;-12.13;-12.3;-11.78;-11.07;-11.92;-14.3;-11.26;-11.26;-11.26
110;-11.1;-10.12;-9.61;-12.13;-12.3;-11.78;-11.07;-11.92;-14.3;-11.26;-11.26;-11.26
111;-11.1;-10.12;-9.61;-12.13;-12.3;-11.78;-11.07;-11.92;-14.3;-11.26;-11.26;-11.26
112;-11.1;-10.12;-9.61;-12.13;-12.3;-11.78;-11.07;-11.92;-14.3;-11.26;-11.26;-11.26
113;-11.1;-10.12;-9.61;-12.13;-12.3;-11.78;-11.07;-11.92;-14.3;-11.26;-11.26;-11.26
114;-11.1;-10.12;-9.61;-12.13;-12.3;-11.78;-11.07;-11.92;-14.3;-11.26;-11.26;-11.26
115;-11.1;-10.12;-9.61;-12.13;-12.3;-11.78;-11.07;-11.92;-14.3;-11.26;-11.26;-11.26
116;-11.1;-10.12;-9.61;-12.13;-12.3;-11.78;-11.07;-11.92;-14.3;-11.26;-11.26;-11.26
117;-11.1;-10.12;-9.61;-12.13;-12.3;-11.78;-11.07;-11.92;-14.3;-11.26;-11.26;-11.26
118;-11.1;-10.12;-9.61;-12.13;-12.3;-11.78;-11.07;-11.92;-14.3;-11.26;-11.26;-11.26
119;-11.1;-10.12;-9.61;-12.13;-12.3;-11.78;-11.07;-11.92;-14.3;-11.26;-11.26;-11.26
120;-11.1;-10.12;-9.61;-12.13;-12.3;-11.78;-11.07;-11.92;-14.3;-11.26;-11.26;-11.26
121;-11.1;-10.12;-9.61;-12.13;-12.3;-11.78;-11.07;-11.92;-14.3;-11.26;-11.26;-11.26
122;-11.1;-10.12;-9.61;-12.13;-12.3;-11.78;-11.07;-11.92;-14.3;-11.26;-11.26;-11.26
123;-11.1;-10.12;-9.61;-12.13;-12.3;-11.78;-11.07;-11.92;-14.3;-11.26;-11.26;-11.26
124;-11.1;-10.12;-9.61;-12.13;-12.3;-11.78;-11.07;-11.92;-14.3;-11.26;-11.26;-11.26
125;-11.1;-10.12;-9.61;-12.13;-12.3;-11.78;-11.07;-11.92;-14.3;-11.26;-11.26;-11.26
126;-11.1;-10.12;-9.61;-12.13;-12.3;-11.78;-11.07;-11.92;-14.3;-11.26;-11.26;-11.26
127;-11.1;-10.12;-9.61;-12.13;-12.3;-11.78;-11.07;-11.92;-14.3;-11.26;-11.26;-11.26
128;-11.1;-10.12;-9.61;-12.13;-12.3;-11.78;-11.07;-11.92;-14.3;-11.26;-11.26;-11.26
129;-11.1;-10.12;-9.61;-12.13;-12.3;-11.78;-11.07;-11.92;-14.3;-11.26;-11.26;-11.26
130;-11.1;-10.12;-9.61;-12.13;-12.3;-11.78;-11.07;-11.92;-14.3;-11.26;-11.26;-11.26
131;-11.1;-10.12;-9.61;-12.13;-12.3;-11.78;-11.07;-11.92;-14.3;-11.26;-11.26;-11.26
132;-11.1;-10.12;-9.61;-12.13;-12.3;-11.78;-11.07;-11.92;-14.3;-11.26;-11.26;-11.26
133;-11.1;-10.12;-9.61;-12.13;-12.3;-11.78;-11.07;-11.92;-14.3;-11.26;-11.26;-11.26
134;-11.1;-10.12;-9.61;-12.13;-12.3;-11.78;-11.07;-11.92;-14.3;-11.26;-11.26;-11.26
135;-11.1;-10.12;-9.61;-12.13;-12.3;-11.78;-11.07;-11.92;-14.3;-11.26;-11.26;-11.26
136;-11.1;-10.12;-9.61;-12.13;-12.3;-11.78;-11.07;-11.92;-14.3;-11.26;-11.26;-11.26
137;-11.1;-10.12;-9.61;-12.13;-12.3;-11.78;-11.07;-11.92;-14.3;-11.26;-11.26;-11.26
138;-11.1;-10.12;-9.61;-12.13;-12.3;-11.78;-11.07;-11.92;-14.3;-11.26;-11.26;-11.26
139;-11.1;-10.12;-9.61;-12.13;-12.3;-11.78;-11.07;-11.92;-14.3;-11.26;-11.26;-11.26
140;-11.1;-10.12;-10.16;-12.13;-12.3;-11.78;-11.07;-11.92;-14.3;-11.26;-11.26;-11.26
141;-11.1;-10.12;-10.76;-12.13;-12.3;-11.78;-11.07;-11.92;-14.3;-11.26;-11.26;-11.26
142;-11.1;-10.12;-10.76;-12.13;-12.3;-11.78;-11.07;-11.92;-14.3;-11.26;-11.26;-11.26
143;-11.1;-10.12;-10.76;-12.13;-12.3;-11.78;-11.07;-11.92;-14.3;-11.26;-11.26;-11.26
144;-11.1;-11.0;-10.76;-12.13;-12.3;-11.78;-11.07;-11.92;-14.3;-11.26;-11.26;-11.26
145;-11.1;-11.61;-10.76;-12.13;-12.3;-11.78;-11.07;-11.92;-14.3;-11.26;-11.26;-11.26
146;-11.1;-11.8;-10.99;-12.13;-12.3;-11.78;-11.07;-11.92;-14.3;-11.26;-11.26;-11.26
147;-11.1;-12.02;-10.99;-12.13;-12.3;-11.78;-11.07;-11.92;-14.3;-11.26;-11.26;-11.26
148;-11.1;-12.02;-10.99;-12.13;-12.3;-11.78;-11.07;-11.92;-14.3;-11.26;-11.26;-11.26
149;-11.1;-12.02;-10.99;-12.13;-12.3;-11.78;-11.07;-11.92;-14.3;-11.26;-11.26;-11.26
150;-11.1;-12.02;-10.99;-12.13;-12.3;-11.78;-11.07;-11.92;-14.3;-11.26;-11.26;-11.26
151;-11.1;-12.02;-10.99;-12.13;-12.3;-11.78;-11.07;-11.92;-14.3;-11.26;-11.26;-11.26
152;-11.1;-12.02;-10.99;-12.13;-12.3;-11.78;-11.07;-11.92;-14.3;-11.26;-11.26;-11.26
153;-11.1;-12.02;-10.99;-12.13;-12.3;-11.78;-11.07;-11.92;-14.3;-11.26;-11.26;-11.26
154;-11.1;-12.02;-10.99;-12.13;-12.3;-11.78;-11.07;-11.92;-14.3;-11.26;-11.26;-11.26
155;-11.1;-12.02;-10.99;-12.13;-12.3;-11.78;-11.07;-11.92;-14.3;-11.26;-11.26;-11.26
156;-11.1;-12.02;-10.99;-12.13;-12.3;-11.78;-11.07;-11.92;-14.3;-11.26;-11.26;-11.26
157;-11.1;-12.02;-10.99;-12.13;-12.3;-11.78;-11.07;-11.92;-14.3;-11.26;-11.26;-11.26
158;-11.1;-12.02;-10.99;-12.13;-12.3;-11.78;-11.07;-11.92;-14.3;-11.26;-11.26;-11.26
159;-11.1;-12.02;-10.99;-12.13;-12.3;-11.78;-11.9;-11.92;-14.3;-11.26;-11.26;-11.26
160;-11.1;-12.02;-10.99;-12.13;-12.3;-11.78;-11.9;-11.92;-14.3;-11.26;-11.26;-11.26
161;-11.1;-12.02;-10.99;-12.13;-12.3;-11.78;-11.9;-11.92;-14.3;-11.26;-11.26;-11.26
162;-11.1;-12.02;-10.99;-12.13;-12.3;-11.78;-11.9;-11.92;-14.3;-11.26;-11.26;-11.26
163;-11.1;-12.02;-10.99;-12.13;-12.3;-11.78;-11.9;-11.92;-14.3;-11.26;-11.26;-11.26
164;-11.1;-12.02;-10.99;-12.13;-12.3;-11.78;-11.9;-11.92;-14.3;-11.26;-11.26;-11.26
165;-11.1;-12.02;-10.99;-12.13;-12.3;-11.78;-11.9;-11.92;-14.3;-11.26;-11.26;-11.26
166;-11.1;-12.02;-10.99;-12.13;-12.3;-11.78;-11.9;-11.92;-14.3;-11.26;-11.26;-11.26
167;-11.1;-12.02;-10.99;-12.13;-12.3;-11.78;-11.9;-11.92;-14.3;-11.26;-11.26;-11.26
168;-11.1;-12.02;-10.99;-12.13;-12.3;-11.78;-11.9;-11.92;-14.3;-11.26;-11.26;-11.26
169;-11.1;-12.02;-10.99;-12.13;-12.3;-11.78;-11.9;-11.92;-14.3;-11.26;-11.26;-11.26
170;-11.1;-12.02;-10.99;-12.13;-12.3;-11.78;-11.9;-11.92;-14.3;-11.26;-11.26;-11.26
171;-11.1;-12.02;-10.99;-12.13;-12.3;-11.78;-11.9;-11.92;-14.3;-11.26;-11.26;-11.26
172;-11.1;-12.02;-10.99;-12.13;-12.3;-11.78;-11.9;-11.92;-14.3;-11.26;-11.26;-11.26
173;-11.1;-12.02;-10.99;-12.13;-12.3;-11.78;-11.9;-11.92;-14.3;-11.26;-11.26;-11.26
174;-11.1;-12.02;-10.99;-12.13;-12.3;-11.78;-11.9;-11.92;-14.3;-11.26;-11.26;-11.26
175;-11.1;-12.02;-10.99;-12.13;-12.3;-11.78;-11.9;-11.92;-14.3;-11.26;-11.26;-11.26
176;-11.1;-12.02;-10.99;-12.13;-12.3;-11.78;-11.9;-11.92;-14.3;-11.26;-11.26;-11.26
177;-11.1;-12.02;-10.99;-12.13;-12.3;-11.78;-11.9;-11.92;-14.3;-11.26;-11.26;-11.26
178;-11.1;-12.02;-10.99;-12.13;-12.3;-11.78;-11.9;-11.92;-14.3;-11.26;-11.26;-11.26
179;-11.1;-12.02;-10.99;-12.13;-12.3;-11.78;-11.9;-11.92;-14.3;-11.26;-11.26;-11.26
180;-11.1;-12.02;-10.99;-12.13;-12.3;-11.78;-11.9;-11.92;-14.3;-11.26;-11.26;-11.26
181;-11.1;-12.02;-11.42;-12.13;-12.3;-11.78;-11.9;-11.92;-14.3;-11.26;-11.26;-11.26
182;-11.1;-12.02;-11.42;-12.13;-12.3;-11.78;-11.9;-11.92;-14.3;-11.26;-11.26;-11.26
183;-11.1;-12.02;-11.42;-12.13;-12.3;-11.78;-11.9;-11.92;-14.3;-11.26;-11.26;-11.26
184;-11.1;-12.02;-11.42;-12.13;-12.3;-11.78;-11.9;-11.92;-14.3;-11.26;-11.26;-11.26
185;-11.1;-12.02;-11.42;-12.13;-12.3;-11.78;-11.9;-11.92;-14.3;-11.26;-11.26;-11.26
186;-11.1;-12.02;-11.44;-12.13;-12.3;-11.78;-11.9;-11.92;-14.3;-11.26;-11.26;-11.26
187;-11.1;-12.02;-11.44;-12.13;-12.3;-11.78;-11.9;-11.92;-14.3;-11.26;-11.26;-11.26
188;-11.1;-12.02;-11.44;-12.13;-12.3;-11.78;-11.9;-11.92;-14.3;-11.26;-11.26;-11.26
189;-11.1;-12.02;-11.44;-12.13;-12.3;-11.78;-11.9;-11.92;-14.3;-11.26;-11.26;-11.26
190;-11.1;-12.02;-11.44;-12.13;-12.3;-11.78;-11.9;-11.92;-14.3;-11.26;-11.26;-11.26
191;-11.1;-12.02;-11.44;-12.13;-12.3;-11.78;-11.9;-11.92;-14.3;-11.26;-11.26;-11.26
192;-11.1;-12.02;-11.44;-12.13;-12.3;-11.78;-11.9;-11.92;-14.3;-11.26;-11.26;-11.26
193;-11.1;-12.02;-11.44;-12.13;-12.3;-11.78;-11.9;-11.92;-14.3;-11.26;-11.26;-11.26
194;-11.1;-12.02;-11.44;-12.13;-12.3;-11.78;-11.9;-11.92;-14.3;-11.26;-11.26;-11.26
195;-11.1;-12.02;-11.44;-12.13;-12.3;-11.78;-11.9;-11.92;-14.3;-11.26;-11.26;-11.26
196;-11.1;-12.02;-11.44;-12.13;-12.3;-11.78;-11.9;-11.92;-14.3;-11.26;-11.26;-11.26
197;-11.1;-12.02;-11.44;-12.13;-12.3;-11.78;-11.9;-11.92;-14.3;-11.26;-11.26;-11.26
198;-11.1;-12.02;-11.44;-12.13;-12.3;-11.78;-11.9;-11.92;-14.3;-11.26;-11.26;-11.26
199;-11.1;-12.02;-11.44;-12.13;-12.3;-11.78;-11.9;-11.92;-14.3;-11.26;-11.26;-11.26
200;-11.1;-12.02;-11.44;-12.13;-12.3;-11.78;-11.9;-11.92;-14.3;-11.26;-11.26;-11.26
201;-11.1;-12.02;-11.44;-12.13;-12.3;-11.78;-11.9;-11.92;-14.3;-11.26;-11.26;-11.26
202;-11.1;-12.02;-11.44;-12.13;-12.3;-11.78;-11.9;-11.92;-14.3;-11.26;-11.26;-11.26
203;-11.1;-12.02;-11.44;-12.13;-12.3;-11.78;-11.9;-11.92;-14.3;-11.26;-11.26;-11.26
204;-11.1;-12.02;-11.44;-12.13;-12.3;-11.78;-11.9;-11.92;-14.3;-11.26;-11.26;-11.26
205;-11.1;-12.02;-11.44;-12.13;-12.3;-11.78;-11.9;-11.92;-14.3;-11.26;-11.26;-11.26
206;-11.1;-12.02;-11.44;-12.13;-12.3;-11.78;-11.9;-11.92;-14.3;-11.26;-11.26;-11.26
207;-11.1;-12.02;-11.44;-12.13;-12.3;-11.78;-11.9;-11.92;-14.3;-11.26;-11.26;-11.26
208;-11.1;-12.02;-11.44;-12.13;-12.3;-11.78;-11.9;-11.92;-14.3;-11.26;-11.26;-11.26
209;-11.1;-12.02;-11.44;-12.13;-12.3;-11.78;-11.9;-11.92;-14.3;-11.26;-11.26;-11.26
210;-11.1;-12.02;-11.44;-12.13;-12.3;-11.78;-11.9;-11.92;-14.3;-11.26;-11.26;-11.26
211;-11.1;-12.02;-11.44;-12.13;-12.3;-11.78;-11.9;-11.92;-14.3;-11.26;-11.26;-11.26
212;-11.1;-12.02;-11.44;-12.13;-12.3;-11.78;-11.9;-11.92;-14.3;-11.26;-11.26;-11.26
213;-11.1;-12.02;-11.44;-12.13;-12.3;-11.78;-11.9;-11.92;-14.3;-11.26;-11.26;-11.26
214;-11.1;-12.02;-11.44;-12.13;-12.3;-11.78;-11.9;-11.92;-14.3;-11.26;-11.26;-11.26
215;-11.1;-12.02;-11.44;-12.13;-12.3;-11.78;-11.9;-11.92;-14.3;-11.26;-11.26;-11.26
216;-11.1;-12.02;-11.44;-12.13;-12.3;-11.78;-11.9;-11.92;-14.3;-11.26;-11.26;-11.26
217;-11.1;-12.02;-11.44;-12.13;-12.3;-11.78;-11.9;-11.92;-14.3;-11.26;-11.26;-11.26
218;-11.1;-12.02;-11.44;-12.13;-12.3;-11.78;-11.9;-12.02;-14.3;-11.26;-11.26;-11.26
219;-11.1;-12.02;-11.44;-12.13;-12.3;-11.78;-11.9;-12.09;-14.3;-11.26;-11.26;-11.26
220;-11.1;-12.02;-11.44;-12.13;-12.3;-11.78;-11.9;-12.09;-14.3;-11.26;-11.26;-11.26
221;-11.1;-12.02;-11.44;-12.13;-12.3;-11.78;-11.9;-12.09;-14.3;-11.26;-11.26;-11.26
222;-11.1;-12.02;-11.44;-12.13;-12.3;-11.78;-11.9;-12.09;-14.3;-11.26;-11.26;-11.26
223;-11.1;-12.02;-11.44;-12.13;-12.3;-11.78;-11.9;-12.79;-14.3;-11.26;-11.26;-11.26
224;-11.1;-12.02;-11.44;-12.13;-12.3;-11.78;-11.9;-13.23;-14.3;-11.26;-11.26;-11.26
225;-11.1;-12.02;-11.44;-12.86;-12.3;-11.78;-11.9;-13.41;-14.3;-11.26;-11.26;-11.26
226;-11.1;-12.02;-11.44;-12.88;-12.3;-11.78;-11.9;-13.56;-14.3;-11.26;-11.26;-11.26
227;-11.1;-12.02;-11.44;-12.88;-12.3;-11.78;-11.9;-13.65;-14.3;-11.26;-11.26;-11.26
228;-11.1;-12.02;-11.44;-12.88;-12.3;-11.78;-11.9;-13.65;-14.3;-11.26;-11.26;-11.26
229;-11.1;-12.02;-11.44;-12.88;-12.3;-11.78;-11.9;-13.65;-14.3;-11.26;-11.26;-11.26
230;-11.1;-12.02;-11.44;-12.88;-12.3;-11.78;-11.9;-14.09;-14.3;-11.26;-11.26;-11.26
231;-11.1;-12.02;-11.44;-12.88;-12.3;-11.78;-11.9;-14.35;-14.3;-11.26;-11.26;-11.26
232;-11.1;-12.02;-11.44;-12.88;-12.3;-11.78;-11.9;-14.35;-14.3;-11.26;-11.26;-11.26
233;-11.1;-12.02;-11.44;-12.88;-12.3;-11.78;-11.9;-14.35;-14.3;-11.26;-11.26;-11.26
234;-11.1;-12.02;-11.44;-12.88;-12.3;-11.78;-11.9;-14.35;-14.3;-11.26;-11.26;-11.26
235;-11.1;-12.02;-11.44;-12.88;-12.3;-11.78;-11.9;-14.35;-14.3;-11.26;-11.26;-11.26
236;-11.1;-12.02;-11.44;-12.88;-12.3;-11.78;-11.9;-14.35;-14.3;-11.26;-11.26;-11.26
237;-11.1;-12.02;-11.44;-12.88;-12.3;-11.78;-11.9;-14.35;-14.3;-11.26;-11.26;-11.26
238;-11.1;-12.02;-11.44;-12.88;-12.3;-11.78;-11.9;-14.35;-14.3;-11.26;-11.26;-11.26
239;-11.1;-12.02;-11.44;-12.88;-12.3;-11.78;-11.9;-14.35;-14.3;-11.26;-11.26;-11.26
240;-11.1;-12.02;-11.44;-12.88;-12.3;-11.78;-11.9;-14.35;-14.3;-11.26;-11.26;-11.26
241;-11.1;-12.02;-11.44;-12.88;-12.3;-11.78;-11.9;-14.35;-14.3;-11.26;-11.26;-11.26
242;-11.1;-12.02;-11.44;-12.88;-12.3;-11.78;-11.9;-14.35;-14.3;-11.26;-11.26;-11.26
243;-11.1;-12.02;-11.44;-12.88;-12.3;-11.78;-11.9;-14.35;-14.3;-11.26;-11.26;-11.26
244;-11.1;-12.02;-11.44;-12.88;-12.3;-11.78;-11.9;-14.35;-14.3;-11.26;-11.26;-11.26
245;-11.1;-12.02;-11.44;-12.88;-12.3;-11.78;-11.9;-14.35;-14.3;-11.26;-11.26;-11.26
246;-11.1;-12.02;-11.44;-12.88;-12.3;-11.78;-11.9;-14.35;-14.3;-11.26;-11.26;-11.26
247;-11.1;-12.02;-11.44;-12.88;-12.3;-11.78;-11.9;-14.35;-14.3;-11.26;-11.26;-11.26
248;-11.1;-12.02;-11.44;-12.88;-12.3;-11.78;-11.9;-14.35;-14.3;-11.26;-11.26;-11.26
249;-11.1;-12.02;-11.44;-12.88;-12.3;-11.78;-11.9;-14.35;-14.3;-11.26;-11.26;-11.26
250;-11.1;-12.02;-11.44;-12.88;-12.3;-11.78;-11.9;-14.35;-14.3;-11.26;-11.26;-11.26
251;-11.1;-12.02;-11.44;-12.88;-12.3;-11.78;-11.9;-14.35;-14.3;-11.26;-11.26;-11.26
252;-11.1;-12.02;-11.44;-12.88;-12.3;-11.78;-11.9;-14.35;-14.3;-11.26;-11.26;-11.26
253;-11.1;-12.02;-11.44;-12.88;-12.3;-11.78;-11.9;-14.35;-14.3;-11.26;-11.26;-11.26
254;-11.1;-12.02;-11.44;-12.88;-12.3;-11.78;-11.9;-14.35;-14.3;-11.26;-11.26;-11.26
255;-11.1;-12.02;-11.44;-12.88;-12.3;-11.78;-11.9;-14.35;-14.3;-11.26;-11.26;-11.26
256;-11.1;-12.02;-11.44;-12.88;-12.3;-11.78;-11.9;-14.35;-14.3;-11.26;-11.26;-11.26
257;-11.1;-12.02;-11.44;-12.88;-12.3;-11.78;-11.9;-14.35;-14.3;-11.26;-11.26;-11.26
258;-11.1;-12.02;-11.44;-12.88;-12.3;-11.78;-11.9;-14.35;-14.3;-11.26;-11.26;-11.26
259;-11.1;-12.02;-11.44;-12.88;-12.3;-11.78;-11.9;-14.35;-14.3;-11.26;-11.26;-11.26
260;-11.1;-12.02;-11.44;-12.88;-12.3;-11.78;-11.9;-14.35;-14.3;-11.26;-11.26;-11.26
261;-11.1;-12.02;-11.44;-12.88;-12.3;-11.78;-11.9;-14.35;-14.3;-11.26;-11.26;-11.26
262;-11.1;-12.02;-11.44;-12.88;-12.3;-11.78;-11.9;-14.35;-14.3;-11.26;-11.26;-11.26
263;-11.1;-12.02;-11.44;-12.88;-12.3;-11.78;-11.9;-14.35;-14.3;-11.26;-11.26;-11.26
264;-11.1;-12.02;-11.44;-12.88;-12.3;-11.78;-11.9;-14.35;-14.3;-11.26;-11.26;-11.26
265;-11.1;-12.02;-11.44;-12.88;-12.3;-11.78;-11.9;-14.35;-14.3;-11.26;-11.26;-11.26
266;-11.1;-12.02;-11.44;-12.88;-12.3;-11.78;-11.9;-14.35;-14.3;-11.26;-11.26;-11.26
267;-11.1;-12.02;-11.44;-12.88;-12.3;-11.78;-11.9;-14.35;-14.3;-11.26;-11.26;-11.26
268;-11.1;-12.02;-11.44;-12.88;-12.3;-11.78;-11.9;-14.35;-14.3;-11.26;-11.26;-11.26
269;-11.1;-12.02;-11.44;-12.88;-12.3;-11.78;-11.9;-14.35;-14.3;-11.26;-11.26;-11.26
270;-11.1;-12.02;-11.44;-12.88;-12.3;-11.78;-11.9;-14.35;-14.3;-11.26;-11.26;-11.26
271;-11.1;-12.02;-11.44;-12.88;-12.3;-11.78;-11.9;-14.35;-14.3;-11.26;-11.26;-11.26
272;-11.1;-12.02;-11.44;-12.88;-12.3;-11.78;-11.9;-14.35;-14.3;-11.26;-11.26;-11.26
273;-11.1;-12.02;-11.44;-12.88;-12.3;-11.78;-11.9;-14.35;-14.3;-11.26;-11.26;-11.26
274;-11.1;-12.02;-11.44;-12.88;-12.3;-11.78;-11.9;-14.35;-14.3;-11.26;-11.26;-11.26
275;-11.1;-12.02;-11.44;-12.88;-12.3;-11.78;-11.9;-14.35;-14.3;-11.26;-11.26;-11.26
276;-11.1;-12.02;-11.44;-12.88;-12.3;-11.78;-11.9;-14.35;-14.3;-11.26;-11.26;-11.26
277;-11.1;-12.02;-11.44;-12.88;-12.3;-11.78;-11.9;-14.35;-14.3;-11.26;-11.26;-11.26
278;-11.1;-12.02;-11.44;-12.88;-12.3;-11.78;-11.9;-14.35;-14.3;-11.26;-11.26;-11.26
279;-11.1;-12.02;-11.44;-12.88;-12.3;-11.78;-11.9;-14.35;-14.3;-11.26;-11.26;-11.26
280;-11.1;-12.02;-11.44;-12.88;-12.3;-11.78;-11.9;-14.35;-14.3;-11.26;-11.26;-11.26
281;-11.1;-12.02;-11.44;-12.88;-12.3;-11.78;-11.9;-14.35;-14.3;-11.26;-11.26;-11.26
282;-11.1;-12.02;-11.44;-12.88;-12.3;-11.78;-11.9;-14.35;-14.3;-11.26;-11.26;-11.26
283;-11.1;-12.02;-11.44;-12.88;-12.3;-11.78;-11.9;-14.35;-14.3;-11.26;-11.26;-11.26
284;-11.1;-12.02;-11.44;-12.88;-12.3;-11.78;-11.9;-14.35;-14.3;-11.26;-11.26;-11.26
285;-11.1;-12.02;-11.44;-12.88;-12.3;-11.78;-11.9;-14.35;-14.3;-11.26;-11.26;-11.26
286;-11.1;-12.02;-11.44;-12.88;-12.3;-11.78;-11.9;-14.35;-14.3;-11.26;-11.26;-11.26
287;-11.1;-12.02;-11.44;-12.88;-12.3;-11.78;-11.9;-14.35;-14.3;-11.26;-11.26;-11.26
288;-11.1;-12.02;-11.44;-12.88;-12.3;-11.78;-11.9;-14.35;-14.3;-11.26;-11.26;-11.26
289;-11.1;-12.02;-11.44;-12.88;-12.3;-11.78;-11.9;-14.35;-14.3;-11.26;-11.26;-11.26
290;-11.1;-12.02;-11.44;-12.88;-12.3;-11.78;-11.9;-14.35;-14.3;-11.26;-11.26;-11.26
291;-11.1;-12.02;-11.44;-12.88;-12.3;-11.78;-11.9;-14.35;-14.3;-11.26;-11.26;-11.26
292;-11.1;-12.02;-11.44;-12.88;-12.3;-11.78;-11.9;-14.35;-14.3;-11.26;-11.26;-11.26
293;-11.1;-12.02;-11.44;-12.88;-12.3;-11.78;-11.9;-14.35;-14.3;-11.26;-11.26;-11.26
294;-11.1;-12.02;-11.44;-12.88;-12.3;-11.78;-11.9;-14.35;-14.3;-11.26;-11.26;-11.26
295;-11.1;-12.02;-11.44;-12.88;-12.3;-11.78;-11.9;-14.35;-14.3;-11.26;-11.26;-11.26
296;-11.1;-12.02;-11.44;-12.88;-12.3;-11.78;-11.9;-14.35;-14.3;-11.26;-11.26;-11.26
297;-11.1;-12.02;-11.44;-12.88;-12.3;-11.78;-11.9;-14.35;-14.3;-11.26;-11.26;-11.26
298;-11.1;-12.02;-11.44;-12.88;-12.3;-11.78;-11.9;-14.35;-14.3;-11.26;-11.26;-11.26
299;-11.1;-12.02;-11.44;-12.88;-12.3;-11.78;-11.9;-14.35;-14.3;-11.26;-11.26;-11.26
300;-11.1;-12.02;-11.44;-12.88;-12.3;-11.78;-11.9;-14.35;-14.3;-11.26;-11.26;-11.26
301;-11.1;-12.02;-11.44;-12.88;-12.3;-11.78;-11.9;-14.35;-14.3;-11.26;-11.26;-11.26
302;-11.1;-12.02;-11.44;-12.88;-12.3;-11.78;-11.9;-14.35;-14.3;-11.26;-11.26;-11.26
303;-11.1;-12.02;-11.44;-12.88;-12.3;-11.78;-11.9;-14.35;-14.3;-11.26;-11.26;-11.26
304;-11.1;-12.02;-11.44;-12.88;-12.3;-11.78;-11.9;-14.35;-14.3;-11.26;-11.26;-11.26
305;-11.1;-12.02;-11.44;-12.88;-12.3;-11.78;-11.9;-14.35;-14.3;-11.26;-11.26;-11.26
306;-11.1;-12.02;-11.44;-12.88;-12.3;-11.78;-11.9;-14.35;-14.3;-11.26;-11.26;-11.26
307;-11.1;-12.02;-11.44;-12.88;-12.3;-11.78;-11.9;-14.35;-14.3;-11.26;-11.26;-11.26
308;-11.1;-12.02;-11.44;-12.88;-12.3;-11.78;-11.9;-14.35;-14.3;-11.26;-11.26;-11.26
309;-11.1;-12.02;-11.44;-12.88;-12.3;-11.78;-11.9;-14.35;-14.3;-11.26;-11.26;-11.26
310;-11.1;-12.02;-11.44;-12.88;-12.3;-11.78;-11.9;-14.35;-14.3;-11.26;-11.26;-11.26
311;-11.1;-12.02;-11.44;-12.88;-12.3;-11.78;-11.9;-14.35;-14.3;-11.26;-11.26;-11.26
312;-11.1;-12.02;-11.44;-12.88;-12.3;-11.78;-11.9;-14.35;-14.3;-11.26;-11.26;-11.26
313;-11.1;-12.02;-11.44;-12.88;-12.3;-11.78;-11.9;-14.35;-14.3;-11.26;-11.26;-11.26
314;-11.1;-12.02;-11.44;-12.88;-12.3;-11.78;-11.9;-14.35;-14.3;-11.26;-11.26;-11.26
315;-11.1;-12.02;-11.44;-12.88;-12.3;-11.78;-11.9;-14.35;-14.3;-11.26;-11.26;-11.26
316;-11.1;-12.02;-11.44;-12.88;-12.3;-11.78;-11.9;-14.35;-14.3;-11.26;-11.26;-11.26
317;-11.1;-12.02;-11.44;-12.88;-12.3;-11.78;-11.9;-14.35;-14.3;-11.26;-11.26;-11.26
318;-11.1;-12.02;-11.44;-12.88;-12.3;-11.78;-11.9;-14.35;-14.3;-11.26;-11.26;-11.26
319;-11.1;-12.02;-11.44;-12.88;-12.3;-11.78;-11.9;-14.35;-14.3;-11.26;-11.26;-11.26
320;-11.1;-12.02;-11.44;-12.88;-12.3;-11.78;-11.9;-14.35;-14.3;-11.26;-11.26;-11.26
321;-11.1;-12.02;-11.44;-12.88;-12.3;-11.78;-11.9;-14.35;-14.3;-11.26;-11.26;-11.26
322;-11.1;-12.02;-11.44;-12.88;-12.3;-11.78;-11.9;-14.35;-14.3;-11.26;-11.26;-11.26
323;-11.1;-12.02;-11.44;-12.88;-12.3;-11.78;-11.9;-14.35;-14.3;-11.26;-11.26;-11.26
324;-11.1;-12.02;-11.44;-12.88;-12.3;-11.78;-11.9;-14.35;-14.3;-11.26;-11.26;-11.26
325;-11.1;-12.02;-11.44;-12.88;-12.3;-11.78;-11.9;-14.35;-14.3;-11.26;-11.26;-11.26
326;-11.1;-12.02;-11.44;-12.88;-12.3;-11.78;-11.9;-14.35;-14.3;-11.26;-11.26;-11.26
327;-11.1;-12.02;-11.44;-12.88;-12.3;-11.78;-11.9;-14.35;-14.3;-11.26;-11.26;-11.26
328;-11.1;-12.02;-11.44;-12.88;-12.3;-11.78;-11.9;-14.35;-14.3;-11.26;-11.26;-11.26
329;-11.1;-12.02;-11.44;-12.88;-12.3;-11.78;-11.9;-14.35;-14.3;-11.26;-11.26;-11.26
330;-11.1;-12.02;-11.44;-12.88;-12.3;-11.78;-11.9;-14.35;-14.3;-11.26;-11.26;-11.26
331;-11.1;-12.02;-11.44;-12.88;-12.3;-11.78;-11.9;-14.35;-14.3;-11.26;-11.26;-11.26
332;-11.1;-12.02;-11.44;-12.88;-12.3;-11.78;-11.9;-14.35;-14.3;-11.26;-11.26;-11.26
333;-11.1;-12.02;-11.44;-12.88;-12.3;-11.78;-11.9;-14.35;-14.3;-11.26;-11.26;-11.26
334;-11.1;-12.02;-11.44;-12.88;-12.3;-11.78;-11.9;-14.35;-14.3;-11.26;-11.26;-11.26
335;-11.1;-12.02;-11.44;-12.88;-12.3;-11.78;-11.9;-14.35;-14.3;-11.26;-11.26;-11.26
336;-11.1;-12.02;-11.44;-12.88;-12.3;-11.78;-11.9;-14.35;-14.3;-11.26;-11.26;-11.26
337;-11.1;-12.02;-11.44;-12.88;-12.3;-11.78;-11.9;-14.35;-14.3;-11.26;-11.26;-11.26
338;-11.1;-12.02;-11.44;-12.88;-12.3;-11.78;-11.9;-14.35;-14.3;-11.26;-11.26;-11.26
339;-11.1;-12.02;-11.44;-12.88;-12.3;-11.78;-11.9;-14.35;-14.3;-11.26;-11.26;-11.26
340;-11.1;-12.02;-11.44;-12.88;-12.3;-11.78;-11.9;-14.35;-14.3;-11.26;-11.26;-11.26
341;-11.1;-12.02;-11.44;-12.88;-12.3;-11.78;-11.9;-14.35;-14.3;-11.26;-11.26;-11.26
342;-11.1;-12.02;-11.44;-12.88;-12.3;-11.78;-11.9;-14.35;-14.3;-11.26;-11.26;-11.26
343;-11.1;-12.02;-11.44;-12.88;-12.3;-11.78;-11.9;-14.35;-14.3;-11.26;-11.26;-11.26
344;-11.1;-12.02;-11.44;-12.88;-12.3;-11.78;-11.9;-14.35;-14.3;-11.26;-11.26;-11.26
345;-11.1;-12.02;-11.44;-12.88;-12.3;-11.78;-11.9;-14.35;-14.3;-11.26;-11.26;-11.26
346;-11.1;-12.02;-11.44;-12.88;-12.3;-11.78;-11.9;-14.35;-14.3;-11.26;-11.26;-11.26
347;-11.1;-12.02;-11.44;-12.88;-12.3;-11.78;-11.9;-14.35;-14.3;-11.26;-11.26;-11.26
348;-11.1;-12.02;-11.44;-12.88;-12.3;-11.78;-11.9;-14.35;-14.3;-11.26;-11.26;-11.26
349;-11.1;-12.02;-11.44;-12.88;-12.3;-11.78;-11.9;-14.35;-14.3;-11.26;-11.26;-11.26
350;-11.1;-12.02;-11.44;-12.88;-12.3;-11.78;-11.9;-14.35;-14.3;-11.26;-11.26;-11.26
351;-11.1;-12.02;-11.44;-12.88;-12.3;-11.78;-11.9;-14.35;-14.3;-11.26;-11.26;-11.26
352;-11.1;-12.02;-11.44;-12.88;-12.3;-11.78;-11.9;-14.35;-14.3;-11.26;-11.26;-11.26
353;-11.1;-12.02;-11.44;-12.88;-12.3;-11.78;-11.9;-14.35;-14.3;-11.26;-11.26;-11.26
354;-11.1;-12.02;-11.44;-12.88;-12.3;-11.78;-11.9;-14.35;-14.3;-11.26;-11.26;-11.26
355;-11.1;-12.02;-11.44;-12.88;-12.3;-11.78;-11.9;-14.35;-14.3;-11.26;-11.26;-11.26
356;-11.1;-12.52;-11.44;-12.88;-12.3;-11.78;-11.9;-14.35;-14.3;-11.26;-11.26;-11.26
357;-11.1;-12.65;-11.44;-12.88;-12.3;-11.78;-11.9;-14.35;-14.3;-11.26;-11.26;-11.26
358;-11.1;-12.65;-11.44;-12.88;-12.3;-11.78;-11.9;-14.35;-14.3;-11.26;-11.26;-11.26
359;-11.1;-12.65;-11.44;-12.88;-12.3;-11.78;-11.9;-14.35;-14.3;-11.26;-11.26;-11.26
360;-11.1;-12.65;-11.44;-12.88;-12.3;-11.78;-11.9;-14.35;-14.3;-11.26;-11.26;-11.26
361;-11.1;-12.65;-11.44;-12.88;-12.3;-11.78;-11.9;-14.35;-14.3;-11.26;-11.26;-11.26
362;-11.1;-12.65;-11.44;-12.88;-12.3;-11.78;-11.9;-14.35;-14.3;-11.26;-11.26;-11.26
363;-11.1;-12.65;-11.44;-12.88;-12.3;-11.78;-11.9;-14.35;-14.3;-11.26;-11.26;-11.26
364;-11.1;-12.65;-11.44;-12.88;-12.3;-11.78;-11.9;-14.35;-14.3;-11.26;-11.26;-11.26
365;-11.1;-12.65;-11.44;-12.88;-12.3;-11.78;-11.9;-14.35;-14.3;-11.26;-11.26;-11.26
366;-11.1;-12.65;-11.44;-12.88;-12.3;-11.78;-11.9;-14.35;-14.3;-11.26;-11.26;-11.26
367;-11.1;-12.65;-11.44;-12.88;-12.3;-11.78;-11.9;-14.35;-14.3;-11.26;-11.26;-11.26
368;-11.1;-12.65;-11.44;-12.88;-12.3;-11.78;-11.9;-14.35;-14.3;-11.26;-11.26;-11.26
369;-11.1;-12.65;-11.44;-12.88;-12.3;-11.78;-11.9;-14.35;-14.3;-11.26;-11.26;-11.26
370;-11.1;-12.65;-11.44;-12.88;-12.3;-11.78;-11.9;-14.35;-14.3;-11.26;-11.26;-11.26
371;-11.1;-12.65;-11.44;-12.88;-12.3;-11.78;-11.9;-14.35;-14.3;-11.26;-11.26;-11.26
372;-11.1;-12.65;-11.44;-12.88;-12.3;-11.78;-11.9;-14.35;-14.3;-11.26;-11.26;-11.26
373;-11.1;-12.65;-11.44;-12.88;-12.3;-11.78;-11.9;-14.35;-14.3;-11.26;-11.26;-11.26
374;-11.1;-12.65;-11.44;-12.88;-12.3;-11.78;-11.9;-14.35;-14.3;-11.26;-11.26;-11.26
375;-11.1;-12.65;-11.44;-12.88;-12.3;-11.78;-11.9;-14.35;-14.3;-11.26;-11.26;-11.26
376;-11.1;-12.65;-11.44;-12.88;-12.3;-11.78;-11.9;-14.35;-14.3;-11.26;-11.26;-11.26
377;-11.1;-12.65;-11.44;-12.88;-12.3;-11.78;-11.9;-14.35;-14.3;-11.26;-11.26;-11.26
378;-11.1;-12.65;-11.44;-12.88;-12.3;-11.78;-11.9;-14.35;-14.3;-11.26;-11.26;-11.26
379;-11.1;-12.65;-11.44;-12.88;-12.3;-11.78;-11.9;-14.35;-14.3;-11.26;-11.26;-11.26
380;-11.1;-12.65;-11.44;-12.88;-12.3;-11.78;-11.9;-14.35;-14.3;-11.26;-11.26;-11.26
381;-11.1;-12.65;-11.44;-12.88;-12.3;-11.78;-11.9;-14.35;-14.3;-11.26;-11.26;-11.26
382;-11.1;-12.65;-11.44;-12.88;-12.3;-11.78;-11.9;-14.35;-14.3;-11.26;-11.26;-11.26
383;-11.1;-12.65;-11.44;-12.88;-12.3;-11.78;-11.9;-14.35;-14.3;-11.26;-11.26;-11.26
384;-11.1;-12.65;-11.44;-12.88;-12.3;-11.78;-11.9;-14.35;-14.3;-11.26;-11.26;-11.26
385;-11.1;-12.65;-11.44;-12.88;-12.3;-11.78;-11.9;-14.35;-14.3;-11.26;-11.26;-11.26
386;-11.1;-12.65;-11.44;-12.88;-12.3;-11.78;-11.9;-14.35;-14.3;-11.26;-11.26;-11.26
387;-11.1;-12.65;-11.44;-12.88;-12.3;-11.78;-11.9;-14.35;-14.3;-11.26;-11.26;-11.26
388;-11.1;-12.65;-11.44;-12.88;-12.3;-11.78;-11.9;-14.35;-14.3;-11.26;-11.26;-11.26
389;-11.1;-12.65;-11.44;-12.88;-12.3;-11.78;-11.9;-14.35;-14.3;-11.26;-11.26;-11.26
390;-11.1;-12.65;-11.44;-12.88;-12.3;-11.78;-11.9;-14.35;-14.3;-11.26;-11.26;-11.26
391;-11.1;-12.65;-11.44;-12.88;-12.3;-11.78;-11.9;-14.35;-14.3;-11.26;-11.26;-11.26
392;-11.1;-12.65;-11.44;-12.88;-12.3;-11.78;-11.9;-14.35;-14.3;-11.26;-11.26;-11.26
393;-11.1;-12.65;-11.44;-12.88;-12.3;-11.78;-11.9;-14.35;-14.3;-11.26;-11.26;-11.26
394;-11.1;-12.65;-11.44;-12.88;-12.3;-11.78;-11.9;-14.35;-14.3;-11.26;-11.26;-11.26
395;-11.1;-12.65;-11.44;-12.88;-12.3;-11.78;-11.9;-14.35;-14.3;-11.26;-11.26;-11.26
396;-11.1;-12.65;-11.44;-12.88;-12.3;-11.78;-11.9;-14.35;-14.3;-11.26;-11.26;-11.26
397;-11.1;-12.65;-11.44;-12.88;-12.3;-11.78;-11.9;-14.35;-14.3;-11.26;-11.26;-11.26
398;-11.1;-12.65;-11.44;-12.88;-12.3;-11.78;-11.9;-14.35;-14.3;-11.26;-11.26;-11.26
399;-11.1;-12.65;-11.44;-12.88;-12.3;-11.78;-11.9;-14.35;-14.3;-11.26;-11.26;-11.26
400;-11.1;-12.65;-11.44;-12.88;-12.3;-11.78;-11.9;-14.35;-14.3;-11.26;-11.26;-11.26
401;-11.1;-12.65;-11.44;-12.88;-12.3;-11.78;-11.9;-14.35;-14.3;-11.26;-11.26;-11.26
402;-11.1;-12.65;-11.44;-12.88;-12.3;-11.78;-11.9;-14.35;-14.3;-11.26;-11.26;-11.26
403;-11.1;-12.65;-11.44;-12.88;-12.3;-11.78;-11.9;-14.35;-14.3;-11.26;-11.26;-11.26
404;-11.1;-12.65;-11.44;-12.88;-12.3;-11.78;-11.9;-14.35;-14.3;-11.26;-11.26;-11.26
405;-11.1;-12.65;-11.44;-12.88;-12.3;-11.78;-11.9;-14.35;-14.3;-11.26;-11.26;-11.26
406;-11.1;-12.65;-11.44;-12.88;-12.3;-11.78;-11.9;-14.35;-14.3;-11.26;-11.26;-11.26
407;-11.1;-12.65;-11.44;-12.88;-12.3;-11.78;-11.9;-14.35;-14.3;-11.26;-11.26;-11.26
408;-11.1;-12.65;-11.44;-12.88;-12.3;-11.78;-11.9;-14.35;-14.3;-11.26;-11.26;-11.26
409;-11.1;-12.65;-11.44;-12.88;-12.3;-11.78;-11.9;-14.35;-14.3;-11.26;-11.26;-11.26
410;-11.1;-12.65;-11.44;-12.88;-12.3;-11.78;-11.9;-14.35;-14.3;-11.26;-11.26;-11.26
411;-11.1;-12.65;-11.44;-12.88;-12.3;-11.78;-11.9;-14.35;-14.3;-11.26;-11.26;-11.26
412;-11.1;-12.65;-11.44;-12.88;-12.3;-11.78;-11.9;-14.35;-14.3;-11.26;-11.26;-11.26
413;-11.1;-12.65;-11.44;-12.88;-12.3;-11.78;-11.9;-14.35;-14.3;-11.26;-11.26;-11.26
414;-11.1;-12.65;-11.44;-12.88;-12.3;-11.78;-11.9;-14.35;-14.3;-11.26;-11.26;-11.26
415;-11.1;-12.65;-11.44;-12.88;-12.3;-11.78;-11.9;-14.35;-14.3;-11.26;-11.26;-11.26
416;-11.1;-12.65;-11.44;-12.88;-12.3;-11.78;-11.9;-14.35;-14.3;-11.26;-11.26;-11.26
417;-11.1;-12.65;-11.44;-12.88;-12.3;-11.78;-11.9;-14.35;-14.3;-11.26;-11.26;-11.26
418;-11.1;-12.65;-11.44;-12.88;-12.3;-11.78;-11.9;-14.35;-14.3;-11.26;-11.26;-11.26
419;-11.1;-12.65;-11.44;-12.88;-12.3;-11.78;-11.9;-14.35;-14.3;-11.26;-11.26;-11.26
420;-11.1;-12.65;-11.44;-12.88;-12.3;-11.78;-11.9;-14.35;-14.3;-11.26;-11.26;-11.26
421;-11.1;-12.65;-11.44;-12.88;-12.3;-11.78;-11.9;-14.35;-14.3;-11.26;-11.26;-11.26
422;-11.1;-12.65;-11.44;-12.88;-12.3;-11.78;-11.9;-14.35;-14.3;-11.26;-11.26;-11.26
423;-11.1;-12.65;-11.44;-12.88;-12.3;-11.78;-11.9;-14.35;-14.3;-11.26;-11.26;-11.26
424;-11.1;-12.65;-11.44;-12.88;-12.3;-11.78;-11.9;-14.35;-14.3;-11.26;-11.26;-11.26
425;-11.1;-12.65;-11.44;-12.88;-12.3;-11.78;-11.9;-14.35;-14.3;-11.26;-11.26;-11.26
426;-11.1;-12.65;-11.44;-12.88;-12.3;-11.78;-11.9;-14.35;-14.3;-11.26;-11.26;-11.26
427;-11.1;-12.65;-11.44;-12.88;-12.3;-11.78;-11.9;-14.35;-14.3;-11.26;-11.26;-11.26
428;-11.1;-12.65;-11.44;-12.88;-12.3;-11.78;-11.9;-14.35;-14.3;-11.26;-11.26;-11.26
429;-11.1;-12.65;-11.44;-12.88;-12.3;-11.78;-11.9;-14.35;-14.3;-11.26;-11.26;-11.26
430;-11.1;-12.65;-11.44;-12.88;-12.3;-11.78;-11.9;-14.35;-14.3;-11.26;-11.26;-11.26
431;-11.1;-12.65;-11.44;-12.88;-12.3;-11.78;-11.9;-14.35;-14.3;-11.26;-11.26;-11.26
432;-11.1;-12.65;-11.44;-12.88;-12.3;-11.78;-11.9;-14.35;-14.3;-11.26;-11.26;-11.26
433;-11.1;-12.65;-11.44;-12.88;-12.3;-11.78;-11.9;-14.35;-14.3;-11.26;-11.26;-11.26
434;-11.1;-12.65;-11.44;-12.88;-12.3;-11.78;-11.9;-14.35;-14.3;-11.26;-11.26;-11.26
435;-11.1;-12.65;-11.44;-12.88;-12.3;-11.78;-11.9;-14.35;-14.3;-11.26;-11.26;-11.26
436;-11.1;-12.65;-11.44;-12.88;-12.3;-11.78;-11.9;-14.35;-14.3;-11.26;-11.26;-11.26
437;-11.1;-12.65;-11.44;-12.88;-12.3;-11.78;-11.9;-14.35;-14.3;-11.26;-11.26;-11.26
438;-11.1;-12.65;-11.44;-12.88;-12.3;-11.78;-11.9;-14.35;-14.3;-11.26;-11.26;-11.26
439;-11.1;-12.65;-11.44;-12.88;-12.3;-11.78;-11.9;-14.35;-14.3;-11.26;-11.26;-11.26
440;-11.1;-12.65;-11.44;-12.88;-12.3;-11.78;-11.9;-14.35;-14.3;-11.26;-11.26;-11.26
441;-11.1;-12.65;-11.44;-12.88;-12.3;-11.78;-11.9;-14.35;-14.3;-11.26;-11.26;-11.26
442;-11.1;-12.65;-11.44;-12.88;-12.3;-11.78;-11.9;-14.35;-14.3;-11.26;-11.26;-11.26
443;-11.1;-12.65;-11.44;-12.88;-12.3;-11.78;-11.9;-14.35;-14.3;-11.26;-11.26;-11.26
444;-11.1;-12.65;-11.44;-12.88;-12.3;-11.78;-11.9;-14.35;-14.3;-11.26;-11.26;-11.26
445;-11.1;-12.65;-11.44;-12.88;-12.3;-11.78;-11.9;-14.35;-14.3;-11.26;-11.26;-11.26
446;-11.1;-12.65;-11.44;-12.88;-12.3;-11.78;-11.9;-14.35;-14.3;-11.26;-11.26;-11.26
447;-11.1;-12.65;-11.44;-12.88;-12.3;-11.78;-11.9;-14.35;-14.3;-11.26;-11.26;-11.26
448;-11.1;-12.65;-11.44;-12.88;-12.3;-11.78;-11.9;-14.35;-14.3;-11.26;-11.26;-11.26
449;-11.1;-12.65;-11.44;-12.88;-12.3;-11.78;-11.9;-14.35;-14.3;-11.26;-11.26;-11.26
450;-11.1;-12.65;-11.44;-12.88;-12.3;-11.78;-11.9;-14.35;-14.3;-11.26;-11.26;-11.26
451;-11.1;-12.65;-11.44;-12.88;-12.3;-11.78;-11.9;-14.35;-14.3;-11.26;-11.26;-11.26
452;-11.1;-12.65;-11.44;-12.88;-12.3;-11.78;-11.9;-14.35;-14.3;-11.26;-11.26;-11.26
453;-11.1;-12.65;-11.44;-12.88;-12.3;-11.78;-11.9;-14.35;-14.3;-11.26;-11.26;-11.26
454;-11.1;-12.65;-11.44;-12.88;-12.3;-11.78;-11.9;-14.35;-14.3;-11.26;-11.26;-11.26
455;-11.1;-12.65;-11.44;-12.88;-12.3;-11.78;-11.9;-14.35;-14.3;-11.26;-11.26;-11.26
456;-11.1;-12.65;-11.44;-12.88;-12.3;-11.78;-11.9;-14.35;-14.3;-11.26;-11.26;-11.26
457;-11.1;-12.65;-11.44;-12.88;-12.3;-11.78;-11.9;-14.35;-14.3;-11.26;-11.26;-11.26
458;-11.1;-12.65;-11.44;-12.88;-12.3;-11.78;-11.9;-14.35;-14.3;-11.26;-11.26;-11.26
459;-11.1;-12.65;-11.44;-12.88;-12.3;-11.78;-11.9;-14.35;-14.3;-11.26;-11.26;-11.26
460;-11.1;-12.65;-11.44;-12.88;-12.3;-11.78;-11.9;-14.35;-14.3;-11.26;-11.26;-11.26
461;-11.1;-12.65;-11.44;-12.88;-12.3;-11.78;-11.9;-14.35;-14.3;-11.26;-11.26;-11.26
462;-11.1;-12.65;-11.44;-12.88;-12.3;-11.78;-11.9;-14.35;-14.3;-11.26;-11.26;-11.26
463;-11.1;-12.65;-11.44;-12.88;-12.3;-11.78;-11.9;-14.35;-14.3;-11.26;-11.26;-11.26
464;-11.1;-12.65;-11.44;-12.88;-12.3;-11.78;-11.9;-14.35;-14.3;-11.26;-11.26;-11.26
465;-11.1;-12.65;-11.44;-12.88;-12.3;-11.78;-11.9;-14.35;-14.3;-11.26;-11.26;-11.26
466;-11.1;-12.65;-11.44;-12.88;-12.3;-11.78;-11.9;-14.35;-14.3;-11.26;-11.26;-11.26
467;-11.1;-12.65;-11.44;-12.88;-12.3;-11.78;-11.9;-14.35;-14.3;-11.26;-11.26;-11.26
468;-11.1;-12.65;-11.44;-12.88;-12.3;-11.78;-11.9;-14.35;-14.3;-11.26;-11.26;-11.26
469;-11.1;-12.65;-11.44;-12.88;-12.3;-11.78;-11.9;-14.35;-14.3;-11.26;-11.26;-11.26
470;-11.1;-12.65;-11.44;-12.88;-12.3;-11.78;-11.9;-14.35;-14.3;-11.26;-11.26;-11.26
471;-11.1;-12.65;-11.44;-12.88;-12.3;-11.78;-11.9;-14.35;-14.3;-11.26;-11.26;-11.26
472;-11.1;-12.65;-11.44;-12.88;-12.3;-11.78;-11.9;-14.35;-14.3;-11.26;-11.26;-11.26
473;-11.1;-12.65;-11.44;-12.88;-12.3;-11.78;-11.9;-14.35;-14.3;-11.26;-11.26;-11.26
474;-11.1;-12.65;-11.44;-12.88;-12.3;-11.78;-11.9;-14.35;-14.3;-11.26;-11.26;-11.26
475;-11.1;-12.65;-11.44;-12.88;-12.3;-11.78;-11.9;-14.35;-14.3;-11.26;-11.26;-11.26
476;-11.1;-12.65;-11.44;-12.88;-12.3;-11.78;-11.9;-14.35;-14.3;-11.26;-11.26;-11.26
477;-11.1;-12.65;-11.44;-12.88;-12.3;-11.78;-11.9;-14.35;-14.3;-11.26;-11.26;-11.26
478;-11.1;-12.65;-11.44;-12.88;-12.3;-11.78;-11.9;-14.35;-14.3;-11.26;-11.26;-11.26
479;-11.1;-12.65;-11.44;-12.88;-12.3;-11.78;-11.9;-14.35;-14.3;-11.26;-11.26;-11.26
480;-11.1;-12.65;-11.44;-12.88;-12.3;-11.78;-11.9;-14.35;-14.3;-11.26;-11.26;-11.26
481;-11.1;-12.65;-11.44;-12.88;-12.3;-11.78;-11.9;-14.35;-14.3;-11.26;-11.26;-11.26
482;-11.1;-12.65;-11.44;-12.88;-12.3;-11.78;-11.9;-14.35;-14.3;-11.26;-11.26;-11.26
483;-11.1;-12.65;-11.44;-12.88;-12.3;-11.78;-11.9;-14.35;-14.3;-11.26;-11.26;-11.26
484;-11.1;-12.65;-11.44;-12.88;-12.3;-11.78;-11.9;-14.35;-14.3;-11.26;-11.26;-11.26
485;-11.1;-12.65;-11.44;-12.88;-12.3;-11.78;-11.9;-14.35;-14.3;-11.26;-11.26;-11.26
486;-11.1;-12.65;-11.44;-12.88;-12.3;-11.78;-11.9;-14.35;-14.3;-11.26;-11.26;-11.26
487;-11.1;-12.65;-11.44;-12.88;-12.3;-11.78;-11.9;-14.35;-14.3;-11.26;-11.26;-11.26
488;-11.1;-12.65;-11.44;-12.88;-12.3;-11.78;-11.9;-14.35;-14.3;-11.26;-11.26;-11.26
489;-11.1;-12.65;-11.44;-12.88;-12.3;-11.78;-11.9;-14.35;-14.3;-11.26;-11.26;-11.26
490;-11.1;-12.65;-11.44;-12.88;-12.3;-11.78;-11.9;-14.35;-14.3;-11.26;-11.26;-11.26
491;-11.1;-12.65;-11.44;-12.88;-12.3;-11.78;-11.9;-14.35;-14.3;-11.26;-11.26;-11.26
492;-11.1;-12.65;-11.44;-12.88;-12.3;-11.78;-11.9;-14.35;-14.3;-11.26;-11.26;-11.26
493;-11.1;-12.65;-11.44;-12.88;-12.3;-11.78;-11.9;-14.35;-14.3;-11.26;-11.26;-11.26
494;-11.1;-12.65;-11.44;-12.88;-12.3;-11.78;-11.9;-14.35;-14.3;-11.26;-11.26;-11.26
495;-11.1;-12.65;-11.44;-12.88;-12.3;-11.78;-11.9;-14.35;-14.3;-11.26;-11.26;-11.26
496;-11.1;-12.65;-11.44;-12.88;-12.3;-11.78;-11.9;-14.35;-14.3;-11.26;-11.26;-11.26
497;-11.1;-12.65;-11.44;-12.88;-12.3;-11.78;-11.9;-14.35;-14.3;-11.26;-11.26;-11.26
498;-11.1;-12.65;-11.44;-12.88;-12.3;-11.78;-11.9;-14.35;-14.3;-11.26;-11.26;-11.26
499;-11.1;-12.65;-11.44;-12.88;-12.3;-11.78;-11.9;-14.35;-14.3;-11.26;-11.26;-11.26
500;-11.1;-12.65;-11.44;-12.88;-12.3;-11.78;-11.9;-14.35;-14.3;-11.26;-11.26;-11.26

 ;ENERGY
MIN;-14.35
MAX;53.12
MEAN;-11.6069916667
STD;2.05856595715

 ;CONVERGENCE
Last improvment;94;357;186;226;30;103;159;231;59;62;62;62
MIN;30
MAX;357
MEAN;135.91666666666666
STD;93.7376288134

  ;TIME(in s)
TOTAL;26013.0;26173.0;25688.0;26166.0;23783.0;23913.0;25131.0;25354.0;27054.0;23657.0;23657.0;23657.0
MIN;23657.0
MAX;27054.0
MEAN;25020.5
STD;1178.45071315
